timestamp,EAR,eye_closure_duration,yaw,pitch,phone_detected,phone_confidence,driver_state
2026-09-13T19:28:09.942998,0.2869,0.0,8.249,-8.323,0,0.0,Alert
2026-09-13T19:28:11.365394,0.2638,0.0,0.809,-2.767,0,0.0,Alert
2026-09-13T19:28:12.776315,0.2672,0.0,1.373,-2.44,0,0.0,Alert
2026-09-13T19:28:14.313910,0.2606,0.0,0.331,-0.943,0,0.0,Alert
2026-09-13T19:28:16.049817,0.1459,1.388,1.159,-1.148,0,0.0,Alert
2026-09-13T19:28:17.748936,0.1797,3.087,1.274,-0.372,0,0.0,Alert
2026-09-13T19:28:19.439700,0.3227,0.0,0.397,-2.457,0,0.0,Alert
2026-09-13T19:28:21.110979,0.3323,0.0,0.145,-0.901,0,0.0,Alert
2026-09-13T19:28:22.757081,0.3727,0.0,30.494,-10.125,0,0.0,Alert
2026-09-13T19:28:24.451901,0.3496,0.0,29.644,-9.891,0,0.0,Alert
2026-09-13T19:28:26.233571,0.3206,0.0,-31.477,-5.526,0,0.0,Alert
2026-09-13T19:28:28.031516,0.2824,0.0,-12.433,-3.637,0,0.0,Alert
2026-09-13T19:28:30.450862,0.177,0.863,-1.732,-0.256,0,0.0,Alert
2026-09-13T19:28:32.555918,0.2784,0.0,1.785,-8.493,0,0.0,Alert
2026-09-13T19:28:34.408055,0.262,0.0,-3.791,-2.356,0,0.0,Alert
2026-09-13T19:28:36.434807,0.255,0.0,-4.233,-7.725,0,0.0,Alert
2026-09-13T19:28:38.576584,0.2256,1.794,-5.672,-6.02,0,0.0,Alert
2026-09-13T19:28:40.197626,0.2686,0.0,-6.522,-5.808,0,0.0,Alert
2026-09-13T19:28:41.999282,0.1235,0.0,-5.825,-5.97,0,0.0,Alert
2026-09-13T19:28:44.251553,0.2186,2.252,-0.912,-1.995,0,0.0,Alert
2026-09-13T19:34:45.282322,0.2742,0.0,-0.259,-3.857,0,0.0,Alert
2026-09-13T19:34:46.574875,0.2766,0.0,-0.497,1.994,0,0.0,Alert
2026-09-13T19:34:47.844133,0.2416,0.503,-0.98,0.951,0,0.0,Alert
2026-09-13T19:34:49.132235,0.0753,1.791,-0.696,2.844,0,0.0,Drowsy
2026-09-13T19:34:50.430210,0.0901,3.089,-0.763,3.639,0,0.0,Drowsy
2026-09-13T19:34:51.730217,0.109,4.389,-0.733,6.391,0,0.0,Drowsy
2026-09-13T19:34:53.018927,0.0677,5.678,-0.306,3.716,0,0.0,Drowsy
2026-09-13T19:34:54.306631,0.0599,6.966,-0.206,5.16,0,0.0,Drowsy
2026-09-13T19:34:55.594315,0.2137,8.253,-1.074,4.07,0,0.0,Drowsy
2026-09-13T19:34:56.858910,0.114,9.518,-0.033,11.402,0,0.0,Drowsy
2026-09-13T19:34:58.134398,0.2388,10.793,-1.045,2.227,0,0.0,Drowsy
2026-09-13T19:34:59.420447,0.1492,12.079,-0.437,11.413,0,0.0,Drowsy
2026-09-13T19:35:00.732380,0.223,13.391,0.087,3.078,0,0.0,Drowsy
2026-09-13T19:35:02.021487,0.1076,14.68,0.224,11.101,0,0.0,Drowsy
2026-09-13T19:35:03.316694,0.2097,15.976,0.332,7.603,0,0.0,Drowsy
2026-09-13T19:35:04.617640,0.1192,17.277,0.075,14.813,0,0.0,Drowsy
2026-09-13T19:35:05.903373,0.2068,18.562,-0.394,8.839,0,0.0,Drowsy
2026-09-13T19:35:07.201664,0.3061,0.0,-1.063,8.547,0,0.0,Drowsy
2026-09-13T19:35:08.479040,0.0747,0.775,-0.468,3.395,0,0.0,Drowsy
2026-09-13T19:35:09.741865,0.0714,2.038,1.15,-10.153,0,0.0,Drowsy
2026-09-13T19:35:11.028395,0.2514,0.0,0.406,-7.312,0,0.0,Drowsy
2026-09-13T19:35:12.314784,0.1284,1.031,0.664,-1.302,0,0.0,Drowsy
2026-09-13T19:35:13.619166,0.0907,2.335,0.027,-2.021,0,0.0,Drowsy
2026-09-13T19:35:14.966150,0.0961,3.682,0.173,0.659,0,0.0,Drowsy
2026-09-13T19:35:16.238100,0.1052,4.954,0.576,2.631,0,0.0,Drowsy
2026-09-13T19:35:17.525453,0.2107,6.241,0.468,0.964,0,0.0,Drowsy
2026-09-13T19:35:18.789704,0.0783,7.506,0.448,6.482,0,0.0,Drowsy
2026-09-13T19:35:20.135398,0.0892,8.851,1.34,-2.609,0,0.0,Drowsy
2026-09-13T19:35:21.436480,0.2046,10.152,-0.128,-4.639,0,0.0,Distracted
2026-09-13T19:35:22.728214,0.3275,0.0,33.213,-7.829,0,0.0,Distracted
2026-09-13T19:35:24.038464,0.4825,0.0,36.552,-5.827,0,0.0,Distracted
2026-09-13T19:35:25.343408,0.3149,0.0,21.376,-4.495,0,0.0,Distracted
2026-09-13T19:35:26.830235,0.3434,0.0,32.453,-7.624,0,0.0,Distracted
2026-09-13T19:35:28.211578,0.4669,0.0,43.437,-10.837,0,0.0,Distracted
2026-09-13T19:35:29.619992,0.453,0.0,45.194,-11.421,0,0.0,Distracted
2026-09-13T19:35:30.875550,0.3646,0.0,31.955,-4.584,0,0.0,Distracted
2026-09-13T19:35:32.144041,0.3482,0.0,31.447,-5.048,0,0.0,Distracted
2026-09-13T19:35:33.489498,0.3157,0.0,26.288,-4.993,0,0.0,Distracted
2026-09-13T19:35:34.758380,0.2821,0.0,16.681,-4.326,0,0.0,Distracted
2026-09-13T19:35:36.031381,0.2583,0.0,11.981,-3.167,0,0.0,Distracted
2026-09-13T19:35:37.304983,0.2927,0.0,35.242,-6.783,0,0.0,Distracted
2026-09-13T19:35:38.616416,0.3546,0.0,38.473,-16.395,0,0.0,Distracted
2026-09-13T19:35:39.990500,0.3627,0.0,36.759,-10.248,0,0.0,Distracted
2026-09-13T19:35:41.548383,0.2344,0.0,25.889,-4.797,0,0.0,Distracted
2026-09-13T19:35:42.833577,0.5077,0.0,-48.277,-0.149,0,0.0,Distracted
2026-09-13T19:35:44.121026,0.9394,0.0,-56.769,3.283,0,0.0,Distracted
2026-09-13T19:35:46.724427,1.3206,0.0,-57.401,4.872,0,0.0,Distracted
2026-09-13T19:35:48.011933,0.7384,0.0,-52.031,-1.455,0,0.0,Distracted
2026-09-13T19:35:49.351380,0.4057,0.0,-44.719,-6.958,0,0.0,Distracted
2026-09-13T19:35:50.660596,0.3888,0.0,-37.026,-9.735,0,0.0,Distracted
2026-09-13T19:35:51.927986,0.3058,0.0,-33.146,-8.951,0,0.0,Distracted
2026-09-13T19:35:53.228271,0.3349,0.0,-25.835,-9.112,0,0.0,Distracted
2026-09-13T19:35:54.514549,0.3069,0.0,-25.095,-7.81,0,0.0,Distracted
2026-09-13T19:35:55.822800,0.3519,0.0,-44.1,-6.501,0,0.0,Distracted
2026-09-13T19:35:57.132838,0.3136,0.0,-35.162,-12.337,0,0.0,Distracted
2026-09-13T19:35:58.452027,0.3168,0.0,-24.225,-11.268,0,0.0,Distracted
2026-09-13T19:35:59.745657,0.2653,0.0,-12.927,-5.172,0,0.0,Distracted
2026-09-13T19:36:01.126290,0.3224,0.0,-22.239,-4.29,0,0.0,Distracted
2026-09-13T19:36:02.409474,0.6144,0.0,-47.228,-1.443,0,0.0,Distracted
2026-09-13T19:36:03.782739,0.5289,0.0,-45.847,1.383,0,0.0,Distracted
2026-09-13T19:36:05.092053,0.1887,0.276,-4.235,26.31,0,0.0,Distracted
2026-09-13T19:36:06.385831,0.1813,1.57,-2.812,28.554,0,0.0,Distracted
2026-09-13T19:36:07.669425,0.2001,2.854,-3.421,29.366,0,0.0,Distracted
2026-09-13T19:36:08.936044,0.2191,4.12,-4.296,28.107,0,0.0,Distracted
2026-09-13T19:36:10.228548,0.2,0.0,-4.476,27.645,0,0.0,Distracted
2026-09-13T19:36:11.546475,0.1882,1.318,-2.073,29.082,0,0.0,Distracted
2026-09-13T19:36:12.822163,0.1477,2.594,-2.26,21.047,0,0.0,Distracted
2026-09-13T19:36:14.144041,0.1667,3.915,-1.316,30.968,0,0.0,Distracted
2026-09-13T19:36:19.483596,0.2253,0.273,40.005,-16.391,0,0.0,Distracted
2026-09-13T19:36:20.939193,0.3149,0.0,-44.396,-10.875,0,0.0,Distracted
2026-09-13T19:36:22.432591,0.4036,0.0,-46.246,-8.065,0,0.0,Distracted
2026-09-13T19:36:23.951851,0.2283,0.308,-24.856,-9.648,0,0.0,Distracted
2026-09-13T19:36:25.576173,0.2759,0.0,-3.906,1.07,0,0.0,Phone_Usage
2026-09-13T19:36:27.041058,0.2716,0.0,-0.043,-1.586,0,0.0,Phone_Usage
2026-09-13T19:36:28.543669,0.2726,0.0,0.875,-1.149,0,0.0,Phone_Usage
2026-09-13T19:36:29.895610,0.2021,1.066,13.893,-18.858,1,0.873,Phone_Usage
2026-09-13T19:36:31.320206,0.1981,2.491,10.462,-16.788,1,0.942,Phone_Usage
2026-09-13T19:36:32.618944,0.1569,0.0,8.976,-7.04,1,0.773,Phone_Usage
2026-09-13T19:36:33.994667,0.2562,0.0,8.698,-6.424,1,0.864,Phone_Usage
2026-09-13T19:36:35.284252,0.2767,0.0,9.316,-21.356,1,0.401,Phone_Usage
2026-09-13T19:36:37.896811,0.1972,0.0,-18.884,-6.87,0,0.0,Phone_Usage
2026-09-13T19:36:39.187529,0.1825,1.291,-13.775,-11.59,1,0.63,Phone_Usage
2026-09-13T19:36:40.492349,0.2453,0.0,-13.919,-10.205,1,0.598,Phone_Usage
2026-09-13T19:36:41.789375,0.2016,0.762,-9.956,-12.724,1,0.656,Phone_Usage
2026-09-13T19:36:43.106896,0.2235,2.079,-12.333,-2.033,1,0.645,Phone_Usage
2026-09-13T19:36:44.421535,0.2524,0.0,-8.166,-7.933,1,0.483,Phone_Usage
2026-09-13T19:36:45.706350,0.2499,1.026,1.896,-4.963,1,0.621,Phone_Usage
2026-09-13T19:36:47.000934,0.2511,0.0,0.702,-4.647,1,0.77,Phone_Usage
2026-09-13T19:36:48.278581,0.2476,0.266,0.519,-3.064,1,0.725,Phone_Usage
2026-09-13T19:36:49.585882,0.2122,0.532,10.087,-12.659,0,0.0,Phone_Usage
2026-09-13T19:36:50.902644,0.3057,0.0,27.945,-26.925,0,0.0,Phone_Usage
2026-09-13T19:36:52.204665,0.3008,0.0,26.823,-24.107,0,0.0,Phone_Usage
2026-09-13T19:36:53.519411,0.2488,0.0,24.58,-22.189,0,0.0,Phone_Usage
2026-09-13T19:36:54.821655,0.2704,0.0,16.767,-11.47,0,0.0,Phone_Usage
2026-09-13T19:36:56.124951,0.2681,0.0,17.701,-8.556,0,0.0,Phone_Usage
2026-09-13T19:36:57.399251,0.2451,0.776,13.935,-10.732,0,0.0,Phone_Usage
2026-09-13T19:36:58.700375,0.2601,0.0,14.247,-9.376,1,0.399,Phone_Usage
2026-09-13T19:36:59.987268,0.1989,1.02,13.956,-10.468,0,0.0,Phone_Usage
2026-09-13T19:37:01.321436,0.2724,0.0,16.192,-7.162,0,0.0,Phone_Usage
2026-09-13T19:37:02.590826,0.2643,0.0,17.606,-4.184,0,0.0,Phone_Usage
2026-09-13T19:37:03.898498,0.2631,0.0,14.34,-3.399,0,0.0,Phone_Usage
2026-09-13T19:37:05.185981,0.3102,0.0,13.162,12.616,0,0.0,Phone_Usage
2026-09-13T19:37:12.335037,0.2707,0.0,11.344,1.975,0,0.0,Phone_Usage
2026-09-13T19:37:13.628064,0.2835,0.0,7.818,5.728,1,0.503,Phone_Usage
2026-09-13T19:37:14.966505,0.2859,0.0,9.694,-6.711,0,0.0,Phone_Usage
2026-09-13T19:37:16.261181,0.2687,0.0,0.35,-6.383,0,0.0,Phone_Usage
2026-09-13T19:37:18.831431,0.2858,0.0,4.674,-4.136,0,0.0,Phone_Usage
2026-09-13T19:37:21.351888,0.2407,0.0,0.654,-2.943,0,0.0,Phone_Usage
2026-09-13T19:37:22.624096,0.1948,1.272,0.884,-3.349,0,0.0,Phone_Usage
2026-09-13T19:38:02.089958,0.2842,0.0,21.678,-9.727,0,0.0,Alert
2026-09-13T19:38:03.370864,0.3793,0.0,38.842,-14.261,0,0.0,Alert
2026-09-13T19:38:04.658943,0.3954,0.0,43.794,-14.115,0,0.0,Alert
2026-09-13T19:38:05.938136,0.4275,0.0,46.676,-16.027,0,0.0,Alert
2026-09-13T19:38:09.735900,0.2554,0.0,45.452,-14.842,0,0.0,Alert
2026-09-13T19:38:11.028437,0.4368,0.0,40.698,-5.268,0,0.0,Alert
2026-09-13T19:38:12.326799,0.3372,0.0,29.093,-3.969,0,0.0,Alert
2026-09-13T19:38:13.609965,0.4154,0.0,42.021,-4.998,0,0.0,Alert
2026-09-13T19:38:14.858040,0.4592,0.0,44.238,-4.143,0,0.0,Alert
2026-09-13T19:38:16.111381,0.3566,0.0,31.631,-10.838,0,0.0,Alert
2026-09-13T19:38:17.375798,0.2435,0.253,11.533,-7.995,0,0.0,Alert
2026-09-13T19:38:18.641772,0.536,0.0,-46.087,0.553,0,0.0,Alert
2026-09-13T19:38:21.189865,0.3416,0.0,-49.171,-5.804,0,0.0,Alert
2026-09-13T19:38:22.456637,0.4327,0.0,-42.561,-8.523,0,0.0,Alert
2026-09-13T19:38:23.705370,0.3105,0.0,-36.147,-11.181,0,0.0,Alert
2026-09-13T19:38:24.965627,0.0778,0.0,-9.818,17.37,0,0.0,Alert
2026-09-13T19:38:26.328907,0.1435,1.363,-0.174,28.951,0,0.0,Alert
2026-09-13T19:38:27.834886,0.175,2.869,-1.107,31.113,0,0.0,Alert
2026-09-13T19:38:29.299895,0.2335,0.276,-0.265,-0.394,0,0.0,Alert
2026-09-13T19:38:30.661737,0.1983,1.638,-0.218,3.784,0,0.0,Alert
2026-09-13T19:38:32.009111,0.1945,2.985,-1.353,27.492,0,0.0,Alert
2026-09-13T19:38:33.386512,0.1323,4.362,2.333,-11.776,0,0.0,Alert
2026-09-13T19:38:34.763022,0.2376,0.0,1.637,-7.303,0,0.0,Alert
2026-09-13T19:38:36.122687,0.1231,1.36,-1.02,-12.16,0,0.0,Alert
2026-09-13T19:38:37.458328,0.1217,0.8,0.954,2.426,0,0.0,Alert
2026-09-13T19:38:38.794674,0.21,2.137,0.072,2.06,0,0.0,Alert
2026-09-13T19:38:40.158140,0.1874,0.303,0.428,1.803,0,0.0,Alert
2026-09-13T19:38:41.563989,0.1557,1.709,0.956,5.016,0,0.0,Alert
2026-09-13T19:38:43.071262,0.239,3.216,21.651,14.009,0,0.0,Alert
2026-09-13T19:38:44.404518,0.2155,4.55,22.529,15.15,0,0.0,Alert
2026-09-13T19:38:45.730344,0.2754,0.0,22.054,13.923,0,0.0,Alert
2026-09-13T19:38:47.086742,0.2083,0.819,-20.874,18.505,0,0.0,Alert
2026-09-13T19:38:48.421374,0.2172,2.154,-23.278,17.071,0,0.0,Alert
2026-09-13T19:38:49.748532,0.2701,0.0,13.522,-8.14,0,0.0,Alert
2026-09-13T19:38:51.106018,0.2104,0.0,4.467,-22.924,0,0.0,Alert
2026-09-13T19:38:52.484807,0.2238,0.0,-5.078,-20.039,0,0.0,Alert
2026-09-13T19:38:53.863891,0.282,0.0,-10.344,-12.54,0,0.0,Alert
2026-09-13T19:38:55.254243,0.2331,0.0,-1.318,-6.944,0,0.0,Alert
2026-09-13T19:38:56.591509,0.1439,1.337,-0.281,-6.081,0,0.0,Alert
2026-09-13T19:38:57.895830,0.226,0.0,4.991,-16.974,1,0.607,Alert
2026-09-13T19:38:59.183674,0.2502,0.0,6.163,-13.497,0,0.0,Alert
2026-09-13T19:39:00.481442,0.2558,0.0,7.572,-11.484,1,0.371,Alert
2026-09-13T19:39:01.775374,0.2491,1.048,3.821,-15.449,0,0.0,Alert
2026-09-13T19:39:03.073095,0.2535,0.0,4.36,-11.223,0,0.0,Alert
2026-09-13T19:39:04.359319,0.2506,0.0,4.987,-10.107,0,0.0,Alert
2026-09-13T19:39:05.655881,0.2407,0.248,7.783,-9.935,0,0.0,Alert
2026-09-13T19:39:06.955306,0.2543,0.0,8.683,-7.544,0,0.0,Alert
2026-09-13T19:39:08.214843,0.2646,0.0,11.699,-11.253,0,0.0,Alert
2026-09-13T19:39:09.511495,0.2575,0.0,11.807,-10.194,0,0.0,Alert
2026-09-13T19:39:10.810594,0.2546,0.0,12.104,-9.0,0,0.0,Alert
2026-09-13T19:39:12.123448,0.2599,0.0,11.442,-6.759,0,0.0,Alert
2026-09-13T19:39:13.410083,0.237,0.761,-3.57,-4.064,0,0.0,Alert
2026-09-13T19:39:14.824043,0.2459,0.0,-9.449,-4.954,1,0.341,Alert
2026-09-13T19:39:16.128286,0.2683,0.0,-5.46,6.902,1,0.396,Alert
2026-09-13T19:39:17.417291,0.2582,0.0,-6.762,2.741,0,0.0,Alert
2026-09-13T19:39:18.713364,0.2458,0.26,-8.904,-4.381,0,0.0,Alert
2026-09-13T19:39:20.007202,0.1738,1.553,2.906,-12.156,1,0.556,Alert
2026-09-13T19:39:21.304661,0.1768,2.851,0.142,-16.649,1,0.615,Alert
2026-09-13T19:39:22.592169,0.1584,4.138,2.324,-11.315,1,0.672,Alert
2026-09-13T19:58:27.802653,0.2568,0.0,-3.743,-3.597,0,0.0,Alert
2026-09-13T19:58:29.067632,0.2543,0.0,-2.1,-2.164,0,0.0,Alert
2026-09-13T19:58:30.388162,0.0733,0.524,-2.176,6.781,0,0.0,Alert
2026-09-13T19:58:32.184377,0.2628,0.0,0.022,-2.821,0,0.0,Drowsy
2026-09-13T19:58:33.589355,0.0755,0.519,-0.992,5.731,0,0.0,Drowsy
2026-09-13T19:58:34.875585,0.0619,1.805,-0.748,-3.726,0,0.0,Drowsy
2026-09-13T19:58:36.147260,0.1503,3.077,-1.111,0.162,0,0.0,Drowsy
2026-09-13T19:58:37.479578,0.195,4.409,-0.759,-3.111,0,0.0,Drowsy
2026-09-13T19:58:38.755298,0.2353,5.685,-1.26,-3.507,0,0.0,Drowsy
2026-09-13T19:58:40.052828,0.1348,0.773,-1.025,15.591,0,0.0,Drowsy
2026-09-13T19:58:41.373025,0.218,2.093,-0.579,7.048,0,0.0,Drowsy
2026-09-13T19:58:42.666611,0.0479,3.387,-1.989,4.062,0,0.0,Drowsy
2026-09-13T19:58:43.943798,0.0749,4.664,-1.794,-10.581,0,0.0,Drowsy
2026-09-13T19:58:45.305540,0.0628,6.026,-1.622,-3.294,0,0.0,Drowsy
2026-09-13T19:58:46.692548,0.0528,7.413,-2.447,-6.207,0,0.0,Drowsy
2026-09-13T19:58:48.013954,0.2081,8.734,-1.342,-5.021,0,0.0,Drowsy
2026-09-13T19:58:49.318964,0.0644,10.039,-1.172,5.007,0,0.0,Drowsy
2026-09-13T19:58:50.640087,0.1,11.36,-0.698,3.901,0,0.0,Drowsy
2026-09-13T19:58:51.916703,0.2401,12.637,-0.633,-10.744,0,0.0,Drowsy
2026-09-13T19:58:53.243969,0.0693,13.964,-1.045,2.629,0,0.0,Drowsy
2026-09-13T19:58:54.579090,0.2589,0.0,-1.431,6.828,0,0.0,Drowsy
2026-09-13T19:58:55.871190,0.321,0.0,-2.629,11.765,0,0.0,Drowsy
2026-09-13T19:58:57.162593,0.2438,0.513,-3.82,-6.427,0,0.0,Drowsy
2026-09-13T19:58:58.483171,0.0951,0.271,-2.683,2.799,0,0.0,Drowsy
2026-09-13T19:58:59.780266,0.0744,1.568,-2.714,-0.869,0,0.0,Drowsy
2026-09-13T19:59:01.113066,0.2395,2.901,-2.149,-3.195,0,0.0,Drowsy
2026-09-13T19:59:02.409974,0.2593,0.0,-1.349,-0.02,0,0.0,Drowsy
2026-09-13T19:59:03.703475,0.0643,1.04,0.201,9.049,0,0.0,Drowsy
2026-09-13T19:59:05.004384,0.0784,2.341,0.344,6.987,0,0.0,Drowsy
2026-09-13T19:59:06.299389,0.2448,0.256,-2.073,2.478,0,0.0,Drowsy
2026-09-13T19:59:07.608287,0.0888,1.564,-1.694,2.962,0,0.0,Drowsy
2026-09-13T19:59:08.905744,0.1964,2.862,-0.876,-2.861,0,0.0,Drowsy
2026-09-13T19:59:10.243527,0.0562,0.274,-0.762,-2.389,0,0.0,Drowsy
2026-09-13T19:59:11.515377,0.0409,1.546,-2.165,1.598,0,0.0,Drowsy
2026-09-13T19:59:12.821121,0.1024,2.851,0.085,2.524,0,0.0,Drowsy
2026-09-13T19:59:14.140108,0.0876,4.17,0.005,-9.045,0,0.0,Drowsy
2026-09-13T19:59:15.403797,0.1116,5.434,-0.73,-8.799,0,0.0,Drowsy
2026-09-13T19:59:16.690339,0.0702,6.721,-0.567,3.508,0,0.0,Drowsy
2026-09-13T19:59:17.993469,0.1031,8.024,-0.439,-2.418,0,0.0,Drowsy
2026-09-13T19:59:19.285409,0.1119,9.316,-1.151,-1.135,0,0.0,Drowsy
2026-09-13T19:59:20.598160,0.074,10.629,-1.28,4.555,0,0.0,Drowsy
2026-09-13T19:59:21.895467,0.1662,11.926,1.369,-9.561,0,0.0,Drowsy
2026-09-13T19:59:23.210577,0.0597,13.241,0.744,1.13,0,0.0,Drowsy
2026-09-13T19:59:24.497013,0.1043,14.527,0.356,5.176,0,0.0,Drowsy
2026-09-13T19:59:25.780957,0.0788,15.811,0.849,-5.932,0,0.0,Drowsy
2026-09-13T19:59:27.098405,0.058,17.129,0.859,3.455,0,0.0,Drowsy
2026-09-13T19:59:28.400501,0.1048,18.431,0.622,-2.874,0,0.0,Drowsy
2026-09-13T19:59:29.705780,0.236,19.736,-0.094,3.246,0,0.0,Drowsy
2026-09-13T19:59:31.050152,0.0968,21.081,-0.245,-1.443,0,0.0,Drowsy
2026-09-13T19:59:32.354891,0.1645,22.385,-0.954,-5.245,0,0.0,Drowsy
2026-09-13T19:59:33.722362,0.0724,23.753,-0.623,4.821,0,0.0,Drowsy
2026-09-13T19:59:35.098104,0.077,25.128,0.864,8.35,0,0.0,Drowsy
2026-09-13T19:59:36.390145,0.0927,26.42,-0.146,2.001,0,0.0,Drowsy
2026-09-13T19:59:37.678506,0.2142,27.709,-1.348,-2.55,0,0.0,Drowsy
2026-09-13T19:59:39.002594,0.1113,29.033,-0.819,-0.545,0,0.0,Drowsy
2026-09-13T20:06:33.563528,0.2597,0.0,-2.019,-8.664,0,0.0,Alert
2026-09-13T20:06:34.833149,0.2543,0.0,-2.25,-6.153,0,0.0,Alert
2026-09-13T20:06:36.102946,0.2318,0.0,-1.435,-6.163,0,0.0,Alert
2026-09-13T20:06:37.403384,0.2327,0.0,-1.358,-5.259,0,0.0,Drowsy
2026-09-13T20:06:38.687767,0.136,1.284,-0.055,-11.4,0,0.0,Drowsy
2026-09-13T20:06:39.974329,0.1382,2.571,-2.789,12.795,0,0.0,Drowsy
2026-09-13T20:06:41.260456,0.1015,3.857,-1.194,-0.557,0,0.0,Drowsy
2026-09-13T20:06:42.578028,0.2726,0.0,-5.402,25.7,0,0.0,Drowsy
2026-09-13T20:06:43.837233,0.1073,0.5,1.262,7.219,0,0.0,Drowsy
2026-09-13T20:06:45.111221,0.2167,0.254,0.667,-6.494,0,0.0,Drowsy
2026-09-13T20:06:46.397908,0.1033,1.54,-0.635,3.389,0,0.0,Drowsy
2026-09-13T20:06:47.694235,0.2931,0.0,-0.661,-8.742,0,0.0,Drowsy
2026-09-13T20:06:48.992683,0.0711,1.033,-0.674,3.88,0,0.0,Drowsy
2026-09-13T20:06:50.281776,0.1306,2.322,-1.934,13.291,0,0.0,Drowsy
2026-09-13T20:06:51.551576,0.2495,0.0,-1.234,-2.653,0,0.0,Drowsy
2026-09-13T20:06:52.813806,0.0806,1.262,-1.633,6.167,0,0.0,Drowsy
2026-09-13T20:06:54.091012,0.2125,2.539,-1.33,-5.922,0,0.0,Distracted
2026-09-13T20:06:55.436098,0.3327,0.0,41.404,-16.966,0,0.0,Distracted
2026-09-13T20:06:56.727262,0.3405,0.0,42.244,-27.503,0,0.0,Distracted
2026-09-13T20:06:58.007049,0.5059,0.0,41.16,-11.993,0,0.0,Distracted
2026-09-13T20:06:59.296554,0.2796,0.0,14.723,-9.116,0,0.0,Distracted
2026-09-13T20:07:00.584049,0.4959,0.0,-48.042,-8.875,0,0.0,Distracted
2026-09-13T20:07:01.846900,0.3634,0.0,-32.256,-16.714,0,0.0,Distracted
2026-09-13T20:07:04.436165,0.1387,0.505,-27.577,-12.747,0,0.0,Distracted
2026-09-13T20:07:05.706507,0.2292,0.253,29.791,-15.279,0,0.0,Distracted
2026-09-13T20:07:06.984638,0.2657,0.0,24.693,-2.545,0,0.0,Distracted
2026-09-13T20:07:08.256549,0.1558,0.766,-1.56,28.526,0,0.0,Distracted
2026-09-13T20:07:09.533251,0.3025,0.0,-0.87,26.395,0,0.0,Distracted
2026-09-13T20:07:10.816006,0.2037,0.505,-1.437,26.803,0,0.0,Distracted
2026-09-13T20:07:14.578899,0.1684,0.783,-10.938,-39.743,0,0.0,Distracted
2026-09-13T20:07:15.849131,0.3079,0.0,-39.342,-28.18,0,0.0,Distracted
2026-09-13T20:07:17.148633,0.5288,0.0,57.377,-21.943,0,0.0,Distracted
2026-09-13T20:07:18.473197,0.1823,0.0,12.617,-37.65,0,0.0,Distracted
2026-09-13T20:07:19.731943,0.1508,1.259,-9.829,-17.49,0,0.0,Distracted
2026-09-13T20:07:21.031742,0.2163,0.259,-9.956,38.848,0,0.0,Distracted
2026-09-13T20:07:22.332815,0.166,1.56,-5.383,28.886,0,0.0,Distracted
2026-09-13T20:07:23.622623,0.4201,0.0,47.393,-0.383,0,0.0,Distracted
2026-09-13T20:07:25.008683,0.4188,0.0,-38.681,4.566,0,0.0,Distracted
2026-09-13T20:07:26.295232,0.5252,0.0,-43.094,9.641,0,0.0,Distracted
2026-09-13T20:07:27.591089,0.2369,1.029,-10.282,11.405,0,0.0,Distracted
2026-09-13T20:07:28.903736,0.277,0.0,-6.182,3.339,0,0.0,Phone_Usage
2026-09-13T20:07:30.202108,0.2889,0.0,-2.948,-2.821,1,0.365,Phone_Usage
2026-09-13T20:07:31.524821,0.2583,0.0,3.286,-13.94,1,0.322,Phone_Usage
2026-09-13T20:07:32.838059,0.2575,0.0,4.895,-7.489,1,0.579,Phone_Usage
2026-09-13T20:07:34.167320,0.2714,0.0,4.236,-8.491,1,0.622,Phone_Usage
2026-09-13T20:07:35.460936,0.2703,0.0,3.399,-8.111,1,0.725,Phone_Usage
2026-09-13T20:07:36.779497,0.2247,0.545,-0.352,-12.685,0,0.0,Phone_Usage
2026-09-13T20:07:38.068799,0.229,1.834,-1.825,-9.813,0,0.0,Phone_Usage
2026-09-13T20:07:40.649952,0.222,0.509,-2.72,-0.006,0,0.0,Phone_Usage
2026-09-13T20:07:41.945333,0.2826,0.0,-17.483,-2.506,0,0.0,Phone_Usage
2026-09-13T20:07:43.245382,0.2818,0.0,-21.35,-1.497,0,0.0,Phone_Usage
2026-09-13T20:07:47.030750,0.3004,0.0,1.592,7.368,0,0.0,Phone_Usage
2026-09-13T20:07:48.308503,0.2119,0.51,2.983,-11.309,0,0.0,Phone_Usage
2026-09-13T20:07:49.596650,0.2156,1.798,7.66,-8.983,0,0.0,Phone_Usage
2026-09-13T20:07:50.886158,0.2132,3.088,8.397,-6.153,0,0.0,Phone_Usage
2026-09-13T20:07:52.188082,0.2251,4.39,7.262,-6.136,0,0.0,Phone_Usage
2026-09-13T20:07:53.462639,0.2341,0.766,13.027,-5.768,1,0.498,Phone_Usage
2026-09-13T20:07:54.754647,0.2376,2.058,11.868,-6.011,0,0.0,Phone_Usage
2026-09-13T20:07:56.054602,0.2802,0.0,16.196,8.866,0,0.0,Phone_Usage
2026-09-13T20:07:57.351434,0.1485,0.269,8.427,-1.349,0,0.0,Phone_Usage
2026-09-13T20:07:58.652634,0.2192,1.57,-8.468,-4.909,1,0.433,Phone_Usage
2026-09-13T20:07:59.993071,0.2469,0.545,-12.032,-3.06,0,0.0,Phone_Usage
2026-09-13T20:08:01.320173,0.2317,0.796,-9.206,-1.458,1,0.346,Phone_Usage
2026-09-13T20:08:02.627197,0.1745,2.103,-7.475,-1.082,0,0.0,Phone_Usage
