timestamp,EAR,eye_closure_duration,yaw,pitch,roll,abs_yaw,abs_pitch,head_movement,phone_detected,phone_confidence,driver_state,Drowsy_Event,Distracted_Event,Phone_Usage_Event,Alert_Event
2026-09-13T20:14:40.115129,0.2428,0.254,3.765,-16.043,-3.643,3.765,16.043,6.838,0,0.0,Alert,0,0,0,1
2026-09-13T20:14:41.397954,0.2762,0.0,-0.001,-4.132,-1.121,0.001,4.132,2.583,0,0.0,Alert,0,0,0,1
2026-09-13T20:14:42.694694,0.252,0.0,0.943,-6.065,-2.785,0.943,6.065,2.205,0,0.0,Alert,0,0,0,1
2026-09-13T20:14:43.981731,0.2505,0.0,1.362,-2.146,-2.775,1.362,2.146,0.762,0,0.0,Alert,0,0,0,1
2026-09-13T20:14:45.249846,0.2717,0.0,3.747,-2.285,-4.281,3.747,2.285,2.78,0,0.0,Alert,0,0,0,1
2026-09-13T20:14:46.557667,0.2811,0.0,5.462,-1.944,-5.312,5.462,1.944,2.911,0,0.0,Alert,0,0,0,1
2026-09-13T20:14:47.849477,0.2651,0.0,-3.592,0.551,4.735,3.592,0.551,3.522,0,0.0,Alert,0,0,0,1
2026-09-13T20:14:49.185627,0.28,0.0,9.93,-3.753,-7.054,9.93,3.753,5.89,0,0.0,Alert,0,0,0,1
2026-09-13T20:14:50.498370,0.1981,0.0,4.061,-2.114,-2.804,4.061,2.114,8.372,0,0.0,Alert,0,0,0,1
2026-09-13T20:14:51.775071,0.2745,0.0,-4.735,-1.403,4.746,4.735,1.403,2.882,0,0.0,Alert,0,0,0,1
2026-09-13T20:14:53.088549,0.2649,0.0,-4.028,0.178,1.254,4.028,0.178,2.829,0,0.0,Alert,0,0,0,1
2026-09-13T20:14:54.417123,0.2857,0.0,-3.197,-1.023,0.657,3.197,1.023,2.184,0,0.0,Alert,0,0,0,1
2026-09-13T20:14:55.721512,0.2614,0.0,-2.0,-1.05,0.05,2.0,1.05,1.72,0,0.0,Alert,0,0,0,1
2026-09-13T20:14:57.001801,0.2572,0.0,-2.81,-1.014,0.088,2.81,1.014,0.861,0,0.0,Alert,0,0,0,1
2026-09-13T20:14:58.295332,0.2753,0.0,-1.972,-0.223,0.433,1.972,0.223,0.7,0,0.0,Alert,0,0,0,1
2026-09-13T20:14:59.584979,0.2544,0.0,-0.991,1.102,-0.691,0.991,1.102,1.035,0,0.0,Alert,0,0,0,1
2026-09-13T20:15:00.903284,0.2287,0.0,0.068,-11.886,-2.002,0.068,11.886,4.4,0,0.0,Alert,0,0,0,1
2026-09-13T20:15:02.249097,0.2419,0.0,-1.332,-7.989,-1.512,1.332,7.989,2.523,0,0.0,Alert,0,0,0,1
2026-09-13T20:15:03.626303,0.2805,0.0,-1.465,-1.49,-1.216,1.465,1.49,0.788,0,0.0,Alert,0,0,0,1
2026-09-13T20:15:04.946664,0.275,0.0,-1.018,-5.49,-0.732,1.018,5.49,1.69,0,0.0,Alert,0,0,0,1
2026-09-13T20:15:06.233034,0.2754,0.0,-2.41,-7.037,-0.415,2.41,7.037,1.458,0,0.0,Alert,0,0,0,1
2026-09-13T20:15:07.552015,0.2628,0.0,-1.839,-5.858,-0.827,1.839,5.858,0.578,0,0.0,Alert,0,0,0,1
2026-09-13T20:15:08.876339,0.2574,0.0,-2.298,-0.739,-1.034,2.298,0.739,0.425,0,0.0,Alert,0,0,0,1
2026-09-13T20:15:10.167211,0.2782,0.0,-2.674,-1.023,-1.146,2.674,1.023,0.709,0,0.0,Alert,0,0,0,1
2026-09-13T20:15:11.470804,0.2014,0.78,-4.229,-3.104,-0.269,4.229,3.104,2.14,0,0.0,Drowsy,1,0,0,0
2026-09-13T20:15:12.853316,0.2072,0.0,-2.401,-3.367,-0.641,2.401,3.367,2.689,0,0.0,Drowsy,1,0,0,0
2026-09-13T20:15:14.148273,0.2085,1.295,-2.601,3.911,-2.702,2.601,3.911,5.932,0,0.0,Drowsy,1,0,0,0
2026-09-13T20:15:15.447822,0.1465,2.595,-3.867,10.988,-2.601,3.867,10.988,3.052,0,0.0,Drowsy,1,0,0,0
2026-09-13T20:15:16.758171,0.2735,0.0,-3.954,-1.782,-1.2,3.954,1.782,2.023,0,0.0,Drowsy,1,0,0,0
2026-09-13T20:15:18.077436,0.2544,0.0,-1.224,-9.92,-0.625,1.224,9.92,4.24,0,0.0,Drowsy,1,0,0,0
2026-09-13T20:15:19.384419,0.1541,0.0,-1.669,-13.563,-0.717,1.669,13.563,2.119,0,0.0,Drowsy,1,0,0,0
2026-09-13T20:15:20.664141,0.1809,1.28,-2.987,-10.721,-0.329,2.987,10.721,0.764,0,0.0,Drowsy,1,0,0,0
2026-09-13T20:15:21.973755,0.1319,2.589,-3.161,4.347,-0.559,3.161,4.347,5.199,0,0.0,Drowsy,1,0,0,0
2026-09-13T20:15:23.276787,0.184,0.0,-4.298,30.576,-4.987,4.298,30.576,4.536,1,0.348,Drowsy,1,0,0,0
2026-09-13T20:15:24.575649,0.2198,1.299,-2.748,11.517,-2.085,2.748,11.517,5.443,1,0.517,Drowsy,1,0,0,0
2026-09-13T20:15:25.889322,0.2308,2.613,-3.245,3.519,-1.182,3.245,3.519,1.515,0,0.0,Drowsy,1,0,0,0
2026-09-13T20:15:27.192906,0.1239,3.916,-4.366,5.749,-0.408,4.366,5.749,9.283,0,0.0,Drowsy,1,0,0,0
2026-09-13T20:15:28.491523,0.1723,5.215,-4.239,16.362,-1.645,4.239,16.362,5.843,0,0.0,Drowsy,1,0,0,0
2026-09-13T20:15:29.793864,0.183,6.517,-4.688,14.452,-1.15,4.688,14.452,5.117,0,0.0,Drowsy,1,0,0,0
2026-09-13T20:15:31.102082,0.1261,7.825,-4.222,6.65,-0.448,4.222,6.65,1.34,1,0.373,Drowsy,1,0,0,0
2026-09-13T20:15:32.457160,0.2286,0.524,-4.93,12.627,-1.687,4.93,12.627,6.085,0,0.0,Drowsy,1,0,0,0
2026-09-13T20:15:33.792417,0.2055,1.859,-2.73,1.498,-0.324,2.73,1.498,4.256,0,0.0,Drowsy,1,0,0,0
2026-09-13T20:15:35.071312,0.1796,3.138,-2.749,6.019,-0.578,2.749,6.019,2.544,0,0.0,Drowsy,1,0,0,0
2026-09-13T20:15:36.383378,0.1007,4.45,-3.014,10.532,1.963,3.014,10.532,3.935,0,0.0,Drowsy,1,0,0,0
2026-09-13T20:15:37.721599,0.1078,5.788,-2.32,6.965,1.082,2.32,6.965,4.935,0,0.0,Drowsy,1,0,0,0
2026-09-13T20:15:39.033724,0.0974,7.1,-2.558,4.091,1.929,2.558,4.091,3.645,0,0.0,Drowsy,1,0,0,0
2026-09-13T20:15:40.362132,0.193,8.429,-3.31,1.962,3.851,3.31,1.962,0.211,0,0.0,Drowsy,1,0,0,0
2026-09-13T20:15:41.676286,0.2598,0.0,9.648,-2.283,0.712,9.648,2.283,12.8,1,0.474,Distracted,0,1,0,0
2026-09-13T20:15:42.993934,0.3806,0.0,37.605,0.816,-3.752,37.605,0.816,3.037,1,0.754,Distracted,0,1,0,0
2026-09-13T20:15:44.289824,0.3925,0.0,38.917,-0.701,-7.153,38.917,0.701,2.584,1,0.517,Distracted,0,1,0,0
2026-09-13T20:15:45.730630,0.322,0.0,27.591,23.795,-29.888,27.591,23.795,30.167,0,0.0,Distracted,0,1,0,0
2026-09-13T20:15:49.598991,0.2567,0.0,12.561,-8.008,-3.723,12.561,8.008,6.427,0,0.0,Distracted,0,1,0,0
2026-09-13T20:15:52.174241,0.2581,0.0,-0.165,-1.681,-1.396,0.165,1.681,14.004,0,0.0,Distracted,0,1,0,0
2026-09-13T20:15:53.474487,0.3691,0.0,46.304,1.241,-11.816,46.304,1.241,20.862,1,0.33,Distracted,0,1,0,0
2026-09-13T20:16:09.042472,2.2278,0.0,-62.028,17.863,13.922,62.028,17.863,41.981,0,0.0,Distracted,0,1,0,0
2026-09-13T20:16:14.211487,0.203,2.845,-8.731,18.426,4.516,8.731,18.426,24.529,0,0.0,Distracted,0,1,0,0
2026-09-13T20:16:19.191440,0.3195,0.0,0.854,20.067,-11.34,0.854,20.067,3.115,0,0.0,Distracted,0,1,0,0
2026-09-13T20:16:20.511041,0.2269,0.531,-0.928,23.669,-7.969,0.928,23.669,7.239,0,0.0,Distracted,0,1,0,0
2026-09-13T20:16:23.027115,0.2175,3.047,7.998,-17.878,-11.762,7.998,17.878,19.125,0,0.0,Distracted,0,1,0,0
2026-09-13T20:16:24.293838,0.18,0.0,-6.269,25.709,-10.962,6.269,25.709,7.485,0,0.0,Distracted,0,1,0,0
2026-09-13T20:16:28.094282,0.3216,0.0,1.094,11.443,-6.134,1.094,11.443,5.359,0,0.0,Distracted,0,1,0,0
2026-09-13T20:16:29.414984,0.2049,0.544,5.27,-47.63,8.953,5.27,47.63,6.115,0,0.0,Distracted,0,1,0,0
2026-09-13T20:16:30.718862,0.1331,0.0,11.843,-46.228,-5.805,11.843,46.228,52.867,0,0.0,Distracted,0,1,0,0
2026-09-13T20:16:34.644406,0.2613,0.0,-30.042,15.024,-9.94,30.042,15.024,8.581,0,0.0,Distracted,0,1,0,0
2026-09-13T20:16:39.831599,0.3161,0.0,-37.836,3.292,6.076,37.836,3.292,23.258,0,0.0,Distracted,0,1,0,0
2026-09-13T20:16:41.142021,0.2478,0.0,21.841,-0.551,-8.326,21.841,0.551,13.971,0,0.0,Distracted,0,1,0,0
2026-09-13T20:16:42.456612,0.2641,0.0,11.517,-11.4,-5.36,11.517,11.4,3.714,0,0.0,Phone_Usage,0,0,1,0
2026-09-13T20:16:43.768559,0.2659,0.0,4.06,-3.252,-0.761,4.06,3.252,6.635,0,0.0,Phone_Usage,0,0,1,0
2026-09-13T20:16:45.076125,0.2671,0.0,1.681,-9.5,6.397,1.681,9.5,4.169,1,0.501,Phone_Usage,0,0,1,0
2026-09-13T20:16:46.370550,0.2873,0.0,4.311,-10.746,3.717,4.311,10.746,1.982,1,0.489,Phone_Usage,0,0,1,0
2026-09-13T20:16:47.665724,0.2621,0.0,4.682,-6.362,-2.718,4.682,6.362,1.338,0,0.0,Phone_Usage,0,0,1,0
2026-09-13T20:16:48.949401,0.2573,0.0,4.751,-3.723,-3.527,4.751,3.723,0.9,1,0.441,Phone_Usage,0,0,1,0
2026-09-13T20:16:50.268902,0.2514,0.0,4.92,-0.659,-0.636,4.92,0.659,1.34,1,0.805,Phone_Usage,0,0,1,0
2026-09-13T20:16:51.605442,0.2819,0.0,3.867,1.643,-0.138,3.867,1.643,1.2,1,0.925,Phone_Usage,0,0,1,0
2026-09-13T20:16:52.911699,0.2856,0.0,3.685,1.591,-0.389,3.685,1.591,0.268,0,0.0,Phone_Usage,0,0,1,0
2026-09-13T20:16:54.197305,0.2707,0.0,3.349,3.877,-0.176,3.349,3.877,1.269,1,0.34,Phone_Usage,0,0,1,0
2026-09-13T20:16:55.511895,0.2497,0.258,-10.878,-12.358,5.549,10.878,12.358,4.067,0,0.0,Phone_Usage,0,0,1,0
2026-09-13T20:16:56.833588,0.276,0.0,-9.161,-5.89,4.944,9.161,5.89,0.382,0,0.0,Phone_Usage,0,0,1,0
2026-09-13T20:16:58.126678,0.3033,0.0,-17.431,-3.931,6.811,17.431,3.931,5.442,1,0.629,Phone_Usage,0,0,1,0
2026-09-13T20:16:59.398213,0.2939,0.0,-16.703,-0.46,7.897,16.703,0.46,22.38,0,0.0,Phone_Usage,0,0,1,0
2026-09-13T20:17:00.797038,0.3082,0.0,-16.241,0.345,6.648,16.241,0.345,16.71,0,0.0,Phone_Usage,0,0,1,0
2026-09-13T20:17:04.630520,0.1002,0.0,-8.793,0.428,4.259,8.793,0.428,9.249,0,0.0,Phone_Usage,0,0,1,0
2026-09-13T20:17:05.917391,0.2491,0.0,-4.52,1.668,4.163,4.52,1.668,4.642,1,0.383,Phone_Usage,0,0,1,0
2026-09-13T20:17:07.190873,0.2873,0.0,-3.477,5.044,5.421,3.477,5.044,1.91,0,0.0,Phone_Usage,0,0,1,0
2026-09-13T20:17:08.504090,0.2888,0.0,-2.698,4.643,5.1,2.698,4.643,1.659,0,0.0,Phone_Usage,0,0,1,0
2026-09-13T20:17:09.801383,0.2706,0.0,-12.165,-0.214,14.183,12.165,0.214,5.028,1,0.323,Phone_Usage,0,0,1,0
2026-09-13T20:17:11.082089,0.2798,0.0,-6.642,1.481,13.099,6.642,1.481,1.802,1,0.482,Phone_Usage,0,0,1,0
2026-09-13T20:17:12.392635,0.2779,0.0,-8.552,1.087,14.019,8.552,1.087,0.835,0,0.0,Phone_Usage,0,0,1,0
2026-09-13T20:17:13.699648,0.2831,0.0,-9.061,0.116,13.375,9.061,0.116,0.786,0,0.0,Phone_Usage,0,0,1,0
2026-09-13T20:17:14.992745,0.2914,0.0,-6.362,1.47,13.241,6.362,1.47,1.345,1,0.491,Phone_Usage,0,0,1,0
2026-09-13T20:17:17.606232,0.2621,0.0,11.656,-3.855,-15.559,11.656,3.855,2.31,1,0.463,Phone_Usage,0,0,1,0
2026-09-13T20:17:18.937767,0.1958,0.544,14.292,7.098,-26.625,14.292,7.098,5.999,0,0.0,Phone_Usage,0,0,1,0
2026-09-13T20:17:20.240503,0.3204,0.0,18.636,4.46,-24.747,18.636,4.46,10.363,1,0.472,Phone_Usage,0,0,1,0
2026-09-13T20:17:21.554422,0.2679,0.0,18.341,-5.231,-9.935,18.341,5.231,18.096,1,0.442,Phone_Usage,0,0,1,0
2026-09-13T20:17:22.854081,0.2125,0.0,12.073,-4.329,-7.983,12.073,4.329,10.97,0,0.0,Phone_Usage,0,0,1,0
2026-09-13T20:17:24.162280,0.2464,0.26,-0.725,-9.213,2.61,0.725,9.213,7.814,0,0.0,Phone_Usage,0,0,1,0
2026-09-13T20:17:25.452849,0.2577,0.0,-0.166,-2.004,1.54,0.166,2.004,0.92,1,0.582,Phone_Usage,0,0,1,0
2026-09-13T20:17:26.749132,0.2687,0.0,0.547,-0.475,0.33,0.547,0.475,0.191,0,0.0,Phone_Usage,0,0,1,0
2026-09-13T20:17:28.055065,0.2348,0.262,24.086,-19.623,-1.379,24.086,19.623,12.091,0,0.0,Phone_Usage,0,0,1,0
2026-09-13T20:17:29.382818,0.2461,0.0,25.533,-20.192,-0.493,25.533,20.192,0.536,0,0.0,Phone_Usage,0,0,1,0
2026-09-13T20:17:30.662058,0.1967,0.257,18.747,-14.112,-3.766,18.747,14.112,5.0,0,0.0,Phone_Usage,0,0,1,0
